ABEW10,ERRO10
ABEW10,ERRO10
ABEW10,GRIF1S
ABEW10,GRIF1T
ABHA4A,EXET40
ABHA4A,LAGA40
ABHA4B,EXET40
ABHA4B,LAGA40
ABNE10,BUMU1G
ABNE10,CHAR10
ABTH20,COWT2A
ABTH20,PYLE20
ABTH20,TREM20
ABTH20,UPPB20
ABTH20,UPPB20
AIGA1Q,KIOR1Q
ALDW20,BRIN20
ALDW20,WMEL20
ALNE1Q,MOTA1Q
ALNE1R,MOTA1R
ALVE4A,INDQ40
ALVE4A,TAUN4A
ALVE4B,INDQ40
ALVE4B,TAUN4B
AMEM4A_EPN,AMEM4A_SEP
AMEM4A_EPN,ECLA40_WPD
AMEM4A_EPN,IVER4A
AMEM4B_EPN,AMEM4B_SEP
AMEM4B_EPN,ECLA40_WPD
AMEM4B_EPN,IVER4B
ARBR1Q,DENS1Q
ARBR1R,TEAL10
ARDK10,INVE10
ARDK10,SLOY1T
ARDR2Q,BEAU20
ARDR2Q,STRB20
AREC10,MAHI10
ARMO10,DUGR1Q
AUCH20,MAHI20
AUCW10,HADH10
AUCW10,MAYB10
AXMI40_SEP,AXMI40_WPD
AXMI40_SEP,CHIC40
AXMI40_SEP,EXET40
AYRR2Q,COYW2S
AYRR2R,COYW2T
BAGA1Q,BONN10
BAGA1Q,DRCR1Q
BAGA1R,BONN10
BAGA1R,DRCR1R
BAGB20,MAGA20
BAGB20,SWAN20_SPM
BAIN10,BONN10
BAIN10,BONN10
BARK20_EPN,BARK20_LPN
BARK20_EPN,REBR20
BARK20_EPN,REBR20
BARK40,BARK20_EPN
BARK40,BARK20_EPN
BARK40,WHAM40
BARK40,WHAM40
BARK40,WTHU4A
BARK40,WTHU4B
BEAU10,CULL1Q
BEAU10,FAAR1Q
BEAU10,FAAR1R
BEAU10,FASN10
BEAU10,FASN10
BEAU10,INNE1Q
BEAU10,INNE1R
BEAU10,KIOR1Q
BEAU10,MOTA1Q
BEAU10,MOTA1R
BEAU10,ORRI1Q
BEAU10,ORRI1R
BEAU20,BEAU10
BEAU20,BEAU10
BEAU20,BEAU10
BEAU20,KNOC20
BEAU20,KNOC20
BEAU20,STRW20
BEDD20_LPN,BEDD20_SPN
BEDD20_LPN,CHSI20
BEDD20_LPN,CHSI20
BEDD20_LPN,WIMB20
BEDD20_LPN,WIMB20
BEDD4A,BEDD20_LPN
BEDD4A,BEDD20_LPN
BEDD4A,ROWD42
BEDD4B,BEDD20_LPN
BEDD4B,BEDD20_LPN
BEDD4B,ROWD41
BERW1Q,ECCL10
BERW1R,ECCL10
BESW20,COVE20
BESW20,COVE20
BESW20,FECK20
BESW20,OCKH20
BICF4A,SPLN40
BICF4A,WBUR40
BICF4B,WALP40_EME
BICF4B,WBUR40
BIRK20,CAPE20
BIRK20,CAPE20
BIRK20,LISD2A
BISW20,FECK20
BISW20,KITW20
BISW20,KITW20
BISW20,PENN20
BLAC10,DUNH1Q
BLAC10,DUNH1R
BLAC10,GLGL10
BLAC10,GLGL10
BLHI20,DAAS20
BLHI20,KEIT20
BLHI20,KINT20
BLHI20,KINT20
BLHI20,PEHE20
BLLA10,WISH10
BLYT20,STEW20
BLYT20,STEW20
BLYT20,TYNE20
BLYT20,TYNE2A
BLYT4A,BLYT20
BLYT4A,HEDD4A
BLYT4B,BLYT20
BLYT4B,HEDD4B
BOAG1Q,FAAR1Q
BOAG1Q,GLFA10
BOAG1R,FAAR1R
BODE40,BODE20
BOLN40,LOVE40
BOLN40,LOVE40
BOLN40,NINF40
BOLN40,NINF40
BONB1Q,BONN10
BONB1Q,BRAC1Q
BONB1R,BONN10
BONB1R,BRAC1R
BONN10,CUMB1Q
BONN10,CUMB1R
BONN20,BONN10
BONN20,BONN10
BONN20,LAMB20
BONN20,LOAN20
BOTW40,FAWL40
BOTW40,LOVE40
BRAC1Q,ERRO10
BRAC1R,ERRO10
BRAE1G,BRAP10
BRAE1G,GOVA1R
BRAE1P,GOVA1Q
BRAE1P,PAIS1Q
BRAI4A,BRFO40
BRAI4A,RAYL40
BRAI4B,PELH40
BRAI4B,RAYL40
BRAP10,ERSK1Q
BRAP10,ERSK1R
BRAP10,PAIS1R
BRAW20,ELLA20
BRAW20,KIRK20
BRAW20,MONF20
BRAW4A,BRAW20
BRAW4A,PADI40
BREC10,BRID1Q
BREC10,BRID1R
BREC10,DENS1Q
BREC10,FIDD1B
BRED20,MACC20
BRED20,SMAN20
BRED20,STAL20
BRFO40,NORM40
BRFO40,NORM40
BRFO40,PELH40
BRFO40,SIZE40
BRFO40,SIZE40
BRFO40,SIZE40
BRFO40,SIZE40
BRIM2A_EPN,BRIM2A_LPN
BRIM2A_EPN,TOTE20
BRIM2A_EPN,WALX20
BRIM2B_EPN,BRIM2B_LPN
BRIM2B_EPN,TOTW20
BRIM2B_EPN,WALX20
BRIM2C_EPN,BRIM2C_LPN
BRIM2C_EPN,TOTE20
BRIM2C_EPN,WALX20
BRIM2D,TOTW20
BRIM2D,WALX20
BRIN20,CHTE20
BRIN20,CHTE20
BRIN20,JORD20
BRIN20,NORL2A
BRIN20,TEMP20
BRIN20,TEMP20
BRIN20,THUR20
BRIN20,TINP2A
BRIN20,TINP2B
BRIN40,BRIN20
BRIN40,BRIN20
BRIN40,THOM40
BRIN40,THOM40
BRLE40,DIDC40
BRLE40,DIDC40
BRLE40,FLEE40
BRLE40,FLEE40
BRLE40,MELK40_SEP
BRLE40,MELK40_SEP
BRLE40,WWEY4A
BRLE40,WWEY4B
BROA1Q,EDIN10
BROA1Q,QUOI1Q
BROR10,BROR1Q
BROR1Q,DUBE1Q
BROR1Q,SHIN10
BROX1Q,CURR10
BROX1R,CURR10
BUMU10,CHAR10
BUMU1E,BUMU1F
BUMU1F,GRIF1S
BUMU1G,BUMU1H
BUMU1H,GRIF1T
BUMU10,BUMU1E
BURW40,PELH40
BURW40,PELH40
BURW40,WALP40_EME
BURW40,WALP40_EME
BUSB20,GIFF2Q
BUSB20,GIFF2R
BUSB20,NEIL20
BUSB20,STHA2A
BUSH20,DRAK20
BUSH20,PENN20
BUSH20,WIEN2B
BUST20,DRAK20
BUST20,DRAK20
BUST20,NECH20
BUST20,NECH20
CAAD1Q,PORA1Q
CAAD1R,PORA1R
CAFA1Q,KEOO10
CANT40,SELL40
CANT40,SELL40
CAPE4A,CAPE20
CAPE4A,DEES40
CAPE4A,FROD40
CAPE4B,CAPE20
CAPE4B,DEES40
CAPE4B,FROD40
CARE20,COWT2A
CARE20,USKM2B
CARR20,SMAN20
CARR20,SMAN20
CARR40,DAIN40
CARR40,KEAR40
CARR4A,CARR20
CARR4A,DAIN40
CARR4B,CARR20
CARR4B,DAIN40
CARR4H,PEWO40
CASS1Q,LAIR1Q
CATY1Q,DALM10
CATY1R,DALM10
CEAN1Q,MILW1S
CELL40_WPD,CELL40_SPM
CELL40_WPD,DAIN40
CELL40_WPD,DRAK40
CELL40_WPD,DRAK40
CELL40_WPD,MACC40
CHAP10,DUMF10
CHAP10,DUMF10
CHAP10,ECCF1J
CHAP10,ECCF1K
CHAP10,GRNA10
CHAP10,GRNA10
CHAP10,HAKB10
CHAR10,BIHI1Q
CHAR10,BIHI1R
CHAR10,GLAG1Q
CHAR10,GLAG1R
CHAR10,LYND1Q
CHAR10,LYND1R
CHAS2Q,DALM2Q
CHAS2R,DALM2R
CHIC40,EXET40
CHIC40,MANN40
CHIC40,MANN40
CHSI20,WWEY20
CHSI20,WWEY20
CHTE20,HIGM20
CHTE20,HIGM20
CILF2A,UPPB20
CILF2B,UPPB20
CILF40,CILF2A
CILF40,CILF2B
CILF40,IMPP40
CILF40,RASS40
CILF40,SWAN40
CILF40,SWAN40
CILF40,SWAN40
CILF40,WHSO4A
CITR41,CITR42
CITR41,CITR42
CITR41,SJOW40
CITR41,SJOW40
CITR41,WHAM4A
CITR42,WHAM4B
CLAC1Q,INVE10
CLAC1Q,SLOY10
CLAY1S,REDM1Q
CLAY1S,WIOW1Q
CLAY1T,REDM1R
CLEH40,CANT40
CLEH40,KEMS4B
CLUN1S,COUA10
CLUN1S,ERRO10
CLUN1T,COUA10
CLUN1T,ERRO10
CLYM20,DALM2Q
CLYM20,DALM2R
CLYM20,EERH20
CLYM20,EKIL2Q
CLYM20,EKIL2R
CLYM20,LOAN20
COAL10,LINM1Q
COAL10,LINM1R
COAL40,COAL10
COAL40,COAL10
COAL40,STHA40
COAT2Q,NEAR20
COAT2R,NEAR20
COCK20,KAIM20
COCK20,SMEA20
COCK4Q,COCK20
COCK4Q,ECCL40
COCK4R,COCK20
COCK4R,ECCL40
CONQ40,DAIN40
CORI10,LUIC1Q
CORI10,LUIC1R
CORI10,MOSS1S
CORI10,MOSS1T
COSO40,RAYL40
COSO40,TILB4B
COTT40,EASO40
COTT40,EASO40
COTT40,GREN40_EPN
COTT40,KEAD4C
COTT40,KEAD4D
COTT40,STAY40
COTT40,STAY40
COTT40,WBUR40
COUA10,BIHI1Q
COUA10,BIHI1R
COVE20,NECH20
COVE20,RATS2A
COWL40,CULJ4A
COWL40,DIDC40
COWL40,ECLA40_WPD
COWL40,LEIB4A
COWL40,MITY40
COWL40,WALH40
COWT2A,PYLE20
COYL10,COYT1T
COYL20,COYL10
COYL20,COYL10
COYL20,COYW2S
COYL20,COYW2T
COYL20,MAHI20
COYL20,NECU20
COYL20,NECU20
COYT1T,KILS10
COYT1T,MAYB10
COYW2S,KILS20
COYW2T,KILS20
CRAI10,FOGG1Q
CRAI10,FOGG1R
CRAI10,KINT10
CRAI10,KINT10
CRAI10,REDM1Q
CRAI10,REDM1R
CRAI10,WOHI1Q
CRAI10,WOHI1R
CREB2A,HEDN20
CREB2B,SAEN20
CREB40,CREB2A
CREB40,CREB2A
CREB40,CREB2B
CREB40,CREB2B
CREB40,GART4A
CREB40,GART4B
CREB40,THTO40
CREB40,THTO40
CROO1Q,NEIL1Q
CROO1R,NEIL10
CRUA20,DALL20
CRUA20,DALL20
CRYR40,CRYR10
CRYR40,FALL40
CRYR40,TORN40
CULJ4A,DIDC40
CULL1Q,DEAN1Q
CUPA1Q,LEVT1Q
CUPA1R,LEVT1R
CURR20,CURR10
CURR20,CURR10
CURR20,GRMO20
CURR20,KAIM20
CURR20,KINC20
CURR20,SIGH2Q
CURR20,SIGH2R
CURR20,SMEA20
DAIN40,CARR4H
DAIN40,DEES40
DAIN40,MACC40
DALL20,INVR20
DALL20,WIYH20
DALM10,DALM2Q
DALM10,DALM2R
DALM10,SANX1Q
DALM10,SANX1R
DEES40,CONQ40
DEES40,GWYN40
DEES40,GWYN40
DEES40,TREU4A
DEES40,TREU4B
DENS1Q,TEAL10
DEVM10,ERSK1Q
DEVM10,SPAV1Q
DEVM10,SPAV1R
DEVM40,DEVM10
DEVM40,DEVM10
DEVM40,INKI40
DEVM40,WIYH4Q
DEVO10,STIR1Q
DEVO10,WFIE1B
DEWP2Q,WHHO2R
DEWP2R,WHHO2Q
DINO40,PENT40
DINO40,PENT40
DOUN20,STRW20
DOUN10,THSO1Q
DOUN10,THSO1R
DOUN20,DOUN10
DOUN20,GORW20
DRAK40,DRAK20
DRAK40,DRAK20
DRAK40,HAMH40_WPD
DRAK40,OLDB4A
DRAK40,RATS40
DRAK40,RUGE40
DRAK40,WILE40
DRAX40,EGGB40
DRAX40,EGGB40
DRAX40,FENW4A
DRAX40,THOM40
DRAX40,THTO40
DRAX40,THTO40
DRUM2Q,WIYH20
DRUM2R,WIYH20
DUBE1Q,MYBS1R
DUDH1Q,GLAG1Q
DUDH1Q,MILC10
DUDH1R,GLAG1R
DUDH1R,MILC10
DUGR1Q,EDIN10
DUMF10,TONG1Q
DUNB1Q,INWI1Q
DUNB1R,INWI1R
DUNE10,GALA10
DUNE10,SMEA10
DUNF1Q,INKE1Q
DUNF1Q,MOSM10
DUNF1R,INKE1R
DUNF1R,MOSM10
DUNG40,DUNG20
DUNG40,DUNG20
DUNG40,NINF40
DUNG40,NINF40
DUNG40,SELL40
DUNG40,SELL40
DUNH1Q,NECU10
DUNH1R,NECU10
DUNO1Q,WHTB1T
DUNO1R,WHTB1S
DYCE1Q,KINT10
DYCE1R,KINT10
EALI20,LALE20_SEP
EALI20,LALE20_SEP
EALI20,WISD2A
EASO40,WYMO40
EASO40,WYMO40
EAST1Q,GLLE10
ECCL10,GALA10
ECCL10,GALA10
ECCL40,ECCL10
ECCL40,ECCL10
ECCL40,STWB4A
ECCL40,STWB4B
ECCL40,TORN40
ECCL40,TORN40
ECLA40_WPD,ECLA40_EME
ECLA40_WPD,LEIB4B
ECLA40_WPD,PAFB4A
ECLA40_WPD,PAFB4B
EERH20,LOAN20
EERH20,NEAR20
EGGB40,FERR4A
EGGB40,MONF40
EGGB40,MONF4A
EGGB40,ROCH4A
EGGB40,STSB40
EGGB40,THOM40
EKIL2Q,EKIL2S
EKIL2Q,STHA2A
EKIL2R,EKIL2T
EKIL2R,STHA2B
EKIS20,NEIL20
EKIS20,STHA2B
EKIS20,WLEE20
EKIS20,WLEX20
ELDE1Q,JOHN1Q
ELDE1Q,NEIL10
ELDE1R,JOHN1R
ELDE1R,NEIL10
ELGI1Q,KEIT10
ELGI1Q,NAIR10
ELGI1R,KEIT10
ELGI1R,NAIR10
ELLA20,FERR20
ELLA20,KIRK20
ELLA20,STAL20
ELST20,MILH2A_EPN
ELST20,MILH2B_EPN
ELST20,WARL20
ELST20,WARL20
ELST20,WATS20
ELST20,WATS20
ELST40,ELST20
ELST40,ELST4A
ELST40,SJOW40
ELST4A,SUND40
ELST4B,ELST20
ELST4B,SUND40
ELVA2Q,CLYN2Q
ELVA2Q,ELVA40
ELVA2R,CLYS2R
ELVA2R,ELVA40
ELVA40,COAL40
ELVA40,GRNA40
ELVA40,MOFF40
ELVA40,STHA40
ENDE40,PAFB4A
ENDE40,PAFB4B
ENDE40,RATS40
ENDE40,RATS40
ERRO10,ERRO1A
ERRO10,ERRO1B
ERRO10,TUMB1Q
ERRO10,TUMB1R
ERRO1A,FAUG10
ERRO1B,FAUG10
ERRO1T,ERRO10
ERRO1T,KIIN10
ESST1Q,PART1Q
ESST1Q,PART1R
ESST1Q,WIYH10
ESST1Q,WIYH10
ESST1R,KIER1R
ESST1R,WIYH10
EWEH10,NEWF10
EXET40,TAUN4A
EXET40,TAUN4B
FALL40,FALL10
FALL40,FALL10
SMEA4R,FALL40
FASN10,FAUG10
FASN10,FAUG10
FAUG10,GLDO1G
FAUG10,LAGG1Q
FAUG10,LOCL1Q
FAUG10,LOCL1R
FAWL40,LOVE40
FAWL40,MANN40
FAWL40,MAWO40
FECK40,FECK20
FECK40,HAMH40_WPD
FECK40,IRON40
FECK40,MITY40
FECK40,WALH40
FENW4A,KEAD40
FENW4A,THOM40
FERR20,FERR20_NED
FERR20,FERR20_YED
FERR20,MONF20
FERR20,SKLG20
FERR2A,FERR20
FERR2A,FERR2A_NED
FERR2A,FERR2A_YED
FERR2A,MONF20
FERR2B,FERR20
FERR2B,FERR2B_NED
FERR2B,FERR2B_YED
FERR2B,SKLG20
FERR4A,FERR20
FERR4A,FERR20
FFES20,TRAW20
FFES20,TRAW20
FIDD10,FOGG1R
FIDD10,FIDD1B
FIDF20_SPM,FIDF20_ENW
FIDF20_SPM,FROD20
FIDF20_SPM,FROD20
FIDF20_SPM,RAIN20_SPM
FIDF20_SPM,RAIN20_SPM
FIFE1A,WFIE1A
FIFE1B,WFIE1B
FINL1Q,KIIN10
FLEE40,LOVE40
FLEE40,LOVE40
FOUR20,HARK20
FOUR20,STEW2A
FOYE20,KNOC20
FOYE20,KNOC20
FRAS1Q,LUMB1Q
FRAS1R,LUMB1R
FROD40,FROD20
FROD40,FROD20
FROD40,ROCK40
FWIL1Q,LOCL1Q
FWIL1R,KILO10
FWIL1R,LOCL1R
GALA10,HAWI1B
GARB1Q,HELE10
GARE1S,GARB1S
GARE1S,WHTL1S
GARE1S,WIYH10
GARE1T,GARB1T
GARE1T,WHTL1T
GARE1T,WIYH10
GART4B,KILL40
GLEN1Q,LAGG1Q
GLLE10,KEOO10
GLLE10,NETS10
GLLE10,NETS10
GLLE10,TONG10
GLLU1Q,NETS10
GLLU1R,NETS10
GLNI10,MOSM10
GLNI10,MOSM10
GLNI10,REDH10
GLNI10,WFIE1B
GLNI10,WFIE1B
GLRB20,GLRO20
GLRO20,WFIE20
GORG1Q,CURR10
GORG1Q,TELR1Q
GORG1R,CURR10
GORG1R,TELR1R
GORW20,STRB20
GOVA1Q,HAGR1Q
GOVA1R,HAGR1R
GRAI40,KEMS40
GRAI40,KEMS40
GRAI40,KINO40
GRAI40,MEDW40
GRAI40,TILB40
GREN40_EME,GREN40_EPN
GREN40_EME,STAY40
GREN40_EME,SUND40
GREN40_EME,SUND40
GRIW40,KEAD40
GRIW40,SHBA40
GRMO20,KINC20
GRNA10,EWEH10
GRNA10,HAWI10
GRNA10,JUNV10
GRNA40,GRNA10
GRNA40,GRNA10
GRNA40,HAKB4B
GRST20,LACK2A
GRST20,LACK2B
GRST20,LACK2B
GRST20,LACK2C
GRUB1Q,MOSS1S
GRUB1R,MOSS1T
GWYN40,BODE40
GWYN40,BODE40
GWYN40,PENT40
GWYN40,PENT40
HACK2A,TOTE20
HACK2B,TOTE20
HACK40,HACK2A
HACK40,HACK2B
HACK40,SJOW40
HACK40,WHAM40
HACK40,WHAM40
HAKB10,HARK10
HAKB1B,JUNV10
HAKB4A,MOFF40
HAMH2A,NECH20
HAMH40_WPD,HAMH2A
HAMH40_WPD,HAMH40_EME
HAMH40_WPD,WILE40
HARK20,HARK10
HARK20,STEW20
HARK40,HAKB4A
HARK40,HAKB4B
HARK40,HARK20
HARK40,HARK20
HARK40,HARK20
HARK40,HARK20
HARK40,HUTT40
HARK40,HUTT40
HARM20,HAWP20
HATL20,HARM20
HATL20,SALH20
HATL20,TODP20
HATL20,WBOL20
HAWP20,NORT20
HAWP20,OFFE20
HAWP4A,HAWP20
HAWP4A,NORT40
HEDD4A,STEW40
HEDD4A,STWB4A
HEDD4B,STEW40
HEDD4B,STWB4B
HEDN20,SAES20
HELE10,WIYH10
HEYS40,HAMB4A
HEYS40,HAMB4B
HEYS40,QUER4A
HEYS40,QUER4B
HIGM20,HIGM2A
HIGM20,THUR2A
HIGM40,HIGM20
HIGM40,HIGM2A
HIGM40,HIGM4A
HIGM40,WBUR40
HIGM4A,SBAR40
HINP20,BRWA2A
HINP20,BRWA2B
HINP40,HINP20
HINP40,HINP20
HINP40,MELK40_SEP
HINP40,MELK40_SEP
HINP40,TAUN4A
HINP40,TAUN4B
HUER10,HUNF1Q
HUER10,HUNF1R
HUER10,JUNA1T
HUER40,HUER10
HUER40,HUER10
HUER40,INKI40
HUER40,INKI40
HUER40,KILS40
HUER40,NEIL4Q
HUMR40,GART4A
HUMR40,KILL40
HUNF1Q,KILW10
HUNF1R,SACO1R
HURS20,LITT2A
HURS20,LITT2B
HURS20,NEWX20
HURS20,NEWX20
HUTT40,QUER4A
HUTT40,QUER4B
IMPP40,MELK40_SEP
INDQ40,LAND40
INDQ40,LAND40
INGA1Q,LOCL1R
INKI40,STHA40
INNE10,KNOC10
INNE10,KNOC10
INNE1Q,NAIR10
INNE1R,NAIR10
INRU1Q,PEHE10
INRU1Q,PEHG1Q
INRU1Q,SFER10
INRU1R,PEHE10
INRU1R,PEHG1R
INRU1R,SFER10
INRU1S,PEHE10
INRU1S,SFER10
INVR20,INVR10
INVR20,INVR10
INVE10,ANSU10
INVE10,FERO1S
INVE10,KILC1Q
INVE10,PORA1R
INVE10,SLOY10
INVR10,SLOY1T
INVR20,WIYH20
INWI1Q,TORN10
INWI1R,TORN10
IROA10,OLDS10
IROA10,OLDS10
IROA10,OLDS10
IROA10,OLDS10
IROA20_WPDWM,IROA10
IROA20_WPDWM,IROA10
IROA20_WPDWM,IROA10
IROA20_WPDWM,IROA10
IROA20_WPDWM,IROA10
IROA20_WPDWM,IROA10
IROA20_WPDWM,IROA20_WPDSW
IROA20_WPDWM,MELK2A
IROA20_WPDWM,MELK2B
IROA20_WPDWM,WHSO2A
IROA20_WPDWM,WHSO2B
IRON40,LEGA4A
IRON40,PENN4A
IRON40,PENN4B
IRON40,RUGE40
IRON40,SHRE4A
IVER20,NHYD2A
IVER20,NHYD2B
IVER20,WATS20
IVER20,WATS20
IVER20,WWEY20
IVER2A,LALE20_SEP
IVER4A,IVER20
IVER4A,IVER20
IVER4B,IVER20
IVER4B,IVER2A
JORD20,NORL2B
JUNA1T,KILW10
JUNA1T,SACO1Q
KAIM20,SMEA20
KAIM20,WHHO2Q
KAIM20,WHHO2R
KEAD40,GART4A
KEAD40,GART4B
KEAD40,KEAD4C
KEAD40,KEAD4D
KEAD40,KILL40
KEAD40,WBUR40
KEAD40,WBUR40
KEAR20,WHGA20
KEAR20,WHGA20
KEAR40,KEAR20
KEAR40,KEAR20
KEAR40,PADI40
KEIT10,GLFA10
KEIT10,MACD1Q
KEIT20,KEIT10
KEIT20,KEIT10
KEIT20,KINT20
KEMS40,KEMS4A
KEMS40,KEMS4B
KEMS40,LOFI4A
KEMS40,LOFI4B
KEMS4A,CANT40
KEOO10,MAYT1T
KIBY20,LISD20
KIBY20,LISD20
KIBY20,RAIN20_SPM
KIBY20,RAIN20_SPM
KIBY20,WASF2A
KIBY20,WASF2B
KIER1Q,WIYH10
KIIN10,INVR10
KIIN10,INVR10
KIIN10,LOCH10
KIIN10,SFIL1Q
KILB1Q,WIYH10
KILB1R,WIYH10
KILC1Q,NANT10
KILC1Q,TAYN1Q
KILL40,SHBA40
KILS10,MEAD10
KILS20,KILS10
KILS20,KILT2Q
KILS20,KILT2R
KILS40,KILS20
KILS40,KILS20
KILS40,STHA40
KILW10,MEAD10
KILW10,MEAD10
KINB2Q,KINC20
KINB2R,KINC20
KINC20,LOAN2Q
KINC20,LOAN2R
KINO40,NFLE40
KINO40,TILB40
KINT10,FOGG1Q
KINT20,KINT10
KINT20,KINT10
KINT20,KINT10
KINT20,PEHE20
KINT20,PEHE20
KINT20,PERS20
KINT20,TEAL20
KINT20,TEAL20
KIRK2A,KIRK20
KIRK2A,SKLG20
KITW20,OCKH20
KITW20,OLDB20
KNOC20,DAAS20
KNOC20,KNOC10
KNOC20,KNOC10
LACK20,TODP20
LACK40,LACK20
LACK40,LACK2A
LACK40,LACK2B
LACK40,LACK2C
LACK40,NORT40
LACK40,THTO40
LACK40,THTO40
LAGG1Q,MILW1S
LAIR1Q,SHIN10
LAKE4A,WTHU4E
LAKE4A,TILB40
LAKE4B,LITT40
LAKE4B,TILB40
LALE20_SEP,LALE20_SPN
LALE20_SEP,WWEY2A
LAMB20,LAMB2T
LAMB20,PORD2Q
LAMB20,PORD2R
LAMB20,WIYH20
LAMB2T,LOAN20
LAMB2T,WIYH20
LAND40,LAGA40
LAND40,LAGA40
LEGA40,LEGA4A
LEGA40,LEGA4B
LEGA40,TREU4A
LEGA40,TREU4B
LEGA4B,SHRE4A
LEIB4A,SUND40
LEIB4B,SUND40
LEIS10,SIZE10
LEIS10,SIZE10
LEIS10,SIZE10
LEVE1Q,LEVT1Q
LEVE1R,LEVT1R
LEVT1Q,REDH10
LEVT1R,WFIE1B
LING1Q,CURR10
LING1R,CURR10
LISD20,LISD2A
LITT40,LITT2A
LITT40,LITT2B
LITT40,LITT40_LPN
LITT40,LITT40_SPN
LITT40,LOFI4A
LITT40,LOFI4B
LITT40,WTHU4E
LOAN20,LOAN2Q
LOAN20,LOAN2R
LOAN20,MOSM20
LOAN20,WFIE20
LOCL1Q,QUOI1Q
LOFI4A,ROWD42
LOFI4B,ROWD41
LOVE40,NURS40
LOVE40,NURS4A
LUIC1Q,ORRI1Q
LUIC1R,ORRI1R
LUMB1Q,SFER10
LUMB1Q,STRI1Q
LUMB1R,SFER10
LUMB1R,STRI1R
LUNA1Q,TEAL10
LUNA1R,TEAL10
MACC40,MACC20
MACC40,STAL40
MAGA20,PYLE20
MAHI20,MAHI10
MANN40,NURS4A
MAWO40,NURS40
MAYB10,MAYT1T
MAYT1T,COYL10
MELK40_SEP,MELK2A
MELK40_SEP,MELK2B
MELK40_SEP,MELK40_WPD
MELK40_SEP,MITY40
MELK40_SEP,MITY40
MELK40_SEP,SEAB40
MILC10,TEAL10
MILC10,TEAL10
MILH2A_EPN,MILH2A_LPN
MILH2B_EPN,MILH2B_LPN
MILW1Q,MILW1S
MOFF10,HARE10
MOFF40,MOFF10
MOFF40,MOFF10
MONF20,POPP20
MONF20,POPP20
MONF40,MONF20
MONF40,MONF20
MONF40,PADI40
MONF4A,MONF20
MOSH1Q,MOSM10
MOSH1R,MOSM10
MOSM20,MOSM2Q
MOSM2Q,MOSM10
MOSM2Q,MOSM10
MOSM2Q,MOSM2T
MOSM2T,WFIE20
MOTA1Q,SHIN10
MOTA1R,SHIN10
MYBS1Q,SHIN10
NEAR20,WISH20
NEAR20,WISH20
NECU10,DERS1Q
NECU10,KEOO10
NECU10,KEOO10
NECU20,NECU10
NECU20,NECU10
NECU20,NECU10
NEEP20,PITS20
NEEP20,SHEC20
NEEP4A,NEEP20
NEEP4A,STSB40
NEIL10,NEIL1C
NEIL10,NEIL1Q
NEIL10,PAIS1Q
NEIL10,PAIS1R
NEIL1C,NEIL4Q
NEIL20,NEIL10
NEIL20,NEIL10
NEIL20,NEIL2C
NEIL20,WIYH2R
NEIL2C,NEIL4Q
NEIW10,NEIL1Q
NEWX20,WIMB20
NEWX20,WIMB20
NFLE40,WTHU4A
NFLE40,WTHU4B
NORL2A,SHEC20
NORL2B,PITS20
NORM40,WALP40_EME
NORM40,WALP40_EME
NORT20,SALH20
NORT40,NORT20
NORT40,NORT20
NORT40,OSBA40
NORT40,OSBA40
NORT40,SPEN40
NORT40,SPEN40
OCKH20,OCKH2A
OCKH20,WIEN2A
OCKH2A,WIEN2B
OFFE20,WBOL20
OLDB4A,OLDB20
OSBA40,THTO40
OSBA40,THTO40
PADI40,PEWO4A
PAIS1Q,PAIS1S
PAIS1R,PAIS1T
PART1Q,FINQ1Q
PART1R,FINQ1R
PEHE20,PEHE10
PEHE20,PEHE10
PEHE20,PERS20
PELH40,RYEH4A
PELH40,RYEH4B
PELH40,SUND40
PELH40,WYMO40
PEMB40,SWAN40
PENN4A,PENN20
PENN4B,PENN20
PENT40,TRAW40
PENT40,WYLF40
PENT40,WYLF40
PERS10,WIOW1Q
PERS10,WIOW1R
PERS20,PERS10
PERS20,PERS10
PEWO21,WASF2B
PEWO22,WASF2A
PEWO40,HAMB4A
PEWO40,HAMB4B
PEWO40,PEWO21
PEWO40,PEWO21
PEWO40,PEWO22
PEWO40,PEWO22
PEWO40,PEWO4A
PITS20,TEMP20
PITS20,WIBA20
POOB2Q,SHRU2Q
POOB2Q,SMEA20
POOB2R,SHRU2R
POOB2R,SMEA20
PORA1Q,ANSU10
PORD2Q,WGEO2Q
PORD2R,WGEO2R
QUER4A,PEWO40
QUER4B,PEWO40
QUOI10,QUOI1Q
RAIN20_SPM,RAIN20_ENW
RANN1Q,TUMB1Q
RANN1R,TUMB1R
RASS40,WALH40
RATS40,RATS2A
RATS40,SBAR40
RATS40,STAY4A
RATS40,WILE40
RATS40,WILE40
RAVE2Q,WISH20
RAVE2R,WISH20
RAYL40,TILB4A
REBR20,TOTE20
REBR20,TOTE20
REDH10,WFIE1A
ROCH20,STAL20
ROCH20,WHGA20
ROCH20,WHGA20
ROCH4A,ROCH20
RYEH40,RYEH4A
RYEH40,RYEH4B
RYEH40,RYEH4B
RYEH40,WALX4A
RYEH4A,WALX4B
SAEN20,SAES20
SBAR40,SBAR20
SBAR40,SBAR20
SEAB40,WHSO4A
SFEG1Q,SFEG1S
SFEG1Q,SFER10
SFEG1R,SFEG1T
SFEG1R,SFER10
SFEM1Q,SFER10
SFEM1R,SFER10
SHRE4B,SHRE4A
SING40,KINO40
SING40,NFLE40
SIZE10,LEIS10
SIZE40,SIZE10
SIZE40,SIZE10
SIZE40,SIZE10
SIZE40,SIZE10
SJOW2A,WISD20_EPN
SJOW2B,WISD20_EPN
SJOW40,SJOW20
SJOW40,SJOW20
SJOW40,SJOW2A
SJOW40,SJOW2B
SLOY10,GARB1Q
SLOY10,GARB1R
SLOY10,GARB1S
SLOY10,GARB1T
SLOY10,INVR10
SLOY10,SLOY1L
SLOY10,SLOY1M
SLOY10,SLOY1N
SLOY10,SLOY1P
SLOY10,SLOY1T
SMEA20,SMEA10
SMEA4Q,STHA40
SMEA4Q,TORN40
SMEA4R,SMEA20
SPEN40,STEW40
SPEN40,STEW40
SPLN40,WALP40_EME
SSHI20,TYNE2A
SSHI20,WBOL20
STAH4A,HAMB4A
STAH4B,HAMB4B
STAL40,STAL20
STAL40,STSB4A
STAL40,THOM40
STAY4A,STAY40
STEW2A,STEW20
STEW40,STEW20
STEW40,STEW20
STHA40,STHA2A
STHA40,STHA2B
STIR1Q,BONN10
STIR1Q,STIR1S
STIR1R,BONN10
STIR1R,STIR1T
STIR1R,WFIE1A
STLE10_SPD,GARB1R
STLE10_SPD,STLE10_SHEPD
STLE10_SPD,WIYH10
STSB4A,STSB40
SUND40,WYMO40
SWAN20_SPM,SWAN20_SWA
SWAN40,PEMB40
SWAN40,PEMB40
SWAN40,SWAN4A
SWAN40,SWAN4B
SWAN4A,SWAN20_SPM
SWAN4B,SWAN20_SPM
TARL1Q,FOGG1Q
TARL1R,FOGG1R
TAYN1R,FERO1S
TEAL10,BIHI1Q
TEAL10,BIHI1R
TEAL20,GLRB20
TEAL20,KINB2R
TEAL20,TEAL10
TEAL20,TEAL10
TEAL20,TEAL10
TEAL20,WFIB20
TEMP20,WIBA20
THOM20,WMEL20
THOM20,WMEL20
THOM40,THOM20
THOM40,THOM20
THUR2A,THUR20
THUR2A,WMEL20
TILB20,WARL20
TILB20,WARL20
TILB40,TILB4B
TILB4A,TILB20
TILB4A,TILB40
TILB4B,TILB20
TONG10,TONG1Q
TORN40,TORN10
TORN40,TORN10
TRAW40,TRAW20
TRAW40,TRAW20
TRAW40,TREU4A
TRAW40,TREU4B
TREM20,USKM2A
TYNE20,WBOL20
USKM20,USKM2A
USKM20,USKM2B
USKM20,WHSO20
USKM20,WHSO20
USKM2A,WHSO20
USKM2B,WHSO20
WALP40_EME,WALP40_EPN
WALX4A,WALX20
WALX4A,WALX20
WALX4B,WALX20
WALX4B,WALX20
WFIB20,WFIE20
WFIE20,WFIE1A
WFIE20,WFIE1B
WHAM4A,WHAM40
WHAM4B,WHAM40
WHSO20,WHSO2A
WHSO20,WHSO2B
WHSO40,WHSO20
WHSO40,WHSO4A
WHTL1S,WHTB1S
WHTL1T,WHTB1T
WILE40,WILE20
WILE40,WILE20
WIMB20,WISD2B
WIOW1Q,WOHI1Q
WIOW1R,WOHI1R
WISD20_EPN,WISD20_LPN
WISD20_EPN,WISD20_SEP
WISD20_EPN,WISD2A
WISD20_EPN,WISD2B
WISH10,WISH20
WISH20,STHA2A
WIYH20,WIYH10
WIYH20,WIYH10
WIYH20,WIYH10
WIYH20,WIYH2R
WIYH20,WIYH4Q
WWEY4A,WWEY20
WWEY4A,WWEY20
WWEY4B,WWEY20
WWEY4B,WWEY2A
FERO10,FERO1S
COAL10,ANDE10
LINM1Q,BLKX10
MARG10,BLCW10
MARG10,KEOO10
HAKB1B,HARK10
MYBS1Q,THSO1R
MYBS1R,THSO1Q
HAWI10,HAWI1B
KINT20,KINB2Q
PEMB40,WALH40
WISH20,HARB20
HARB20,KAIM20
HARB10,HLAW10
HARB20,HARB10
KNOC20,BERB20
BLHI20,BERB20
KINT20,FETT20
KINT20,FETT20
TEAL20,FETT20
FETT20,FETT10
STRW11,STRW10
STRW20,STRW11
STRW12,STRW10
STRW20,STRW12
INNE10,INNE1R
BARK40,LAKE4A
BARK40,LAKE4B
SJOW20,TOTW20
SJOW20,TOTW20